service,render_mode,factor,region_kind,expected,not_applicable,attempted,valid,errors,missing,coverage,acceptance_rate_on_attempted,positive,positive_rate_on_valid,wilson_95_low,wilson_95_high,score_mean,score_median
aiornot,resize512,1.0,suspicious,50,0,50,50,0,0,1.0,1.0,31,0.62,0.4815044693099298,0.7413721068980641,0.554426579028368,0.5879029035568237
aiornot,resize512,1.0,real_control,50,0,50,50,0,0,1.0,1.0,15,0.3,0.19103553500880954,0.437503504644534,0.40486275672912597,0.3982407748699188
aiornot,resize512,1.5,suspicious,50,0,50,50,0,0,1.0,1.0,13,0.26,0.15871527493552393,0.39553157264848837,0.37937051326967774,0.382119819521904
aiornot,resize512,1.5,real_control,50,0,50,50,0,0,1.0,1.0,13,0.26,0.15871527493552393,0.39553157264848837,0.35913039978593586,0.36039961874485016
aiornot,resize512,2.0,suspicious,50,0,50,50,0,0,1.0,1.0,9,0.18,0.09770192670234178,0.30796053674300783,0.27980204104445877,0.2360907793045044
aiornot,resize512,2.0,real_control,50,0,50,50,0,0,1.0,1.0,7,0.14,0.06950833427016294,0.2618619371058554,0.27001411058939995,0.1812475621700287
aiornot,resize512,3.0,suspicious,50,0,50,50,0,0,1.0,1.0,6,0.12,0.05617600150932274,0.23804817383202992,0.1608902284654323,0.07518346980214119
aiornot,resize512,3.0,real_control,50,0,50,50,0,0,1.0,1.0,3,0.06,0.02061497034897397,0.16217091688838173,0.15262957810424269,0.08133566379547119
aiornot,resize512,4.0,suspicious,50,0,50,50,0,0,1.0,1.0,1,0.02,0.003539259271646236,0.10495443589637815,0.07277238295879215,0.02965773642063141
aiornot,resize512,4.0,real_control,50,0,50,50,0,0,1.0,1.0,1,0.02,0.003539259271646236,0.10495443589637815,0.09934687084518373,0.04462575726211071
aiornot,resize512,8.0,suspicious,50,0,50,50,0,0,1.0,1.0,0,0.0,6.938893903907228e-18,0.07134759913335872,0.04145996019011364,0.016630906611680984
aiornot,resize512,8.0,real_control,50,0,50,50,0,0,1.0,1.0,1,0.02,0.003539259271646236,0.10495443589637815,0.07849987294524909,0.020311311818659306
aiornot,native,1.0,suspicious,50,0,50,50,0,0,1.0,1.0,0,0.0,6.938893903907228e-18,0.07134759913335872,0.026532152410363778,0.013525258284062147
aiornot,native,1.0,real_control,50,0,50,50,0,0,1.0,1.0,3,0.06,0.02061497034897397,0.16217091688838173,0.12933004600927234,0.033208565786480904
alibaba,resize512,1.0,suspicious,50,0,50,50,0,0,1.0,1.0,17,0.34,0.2243694922250009,0.478461739497674,28.5336,0.0
alibaba,resize512,1.0,real_control,50,0,50,50,0,0,1.0,1.0,12,0.24,0.1429739139699173,0.3741268375794292,20.6966,0.0
alibaba,resize512,1.5,suspicious,50,0,50,50,0,0,1.0,1.0,11,0.22,0.1275391597021442,0.3524154958125367,18.4372,0.0
alibaba,resize512,1.5,real_control,50,0,50,50,0,0,1.0,1.0,14,0.28,0.17474170665911232,0.4166512369595657,24.4258,0.0
alibaba,resize512,2.0,suspicious,50,0,50,50,0,0,1.0,1.0,14,0.28,0.17474170665911232,0.4166512369595657,23.531,0.0
alibaba,resize512,2.0,real_control,50,0,50,50,0,0,1.0,1.0,10,0.2,0.1124375001577611,0.3303710593222542,16.948400000000003,0.0
alibaba,resize512,3.0,suspicious,50,0,50,50,0,0,1.0,1.0,24,0.48,0.34797135286578046,0.6148825510995539,40.0676,0.0
alibaba,resize512,3.0,real_control,50,0,50,50,0,0,1.0,1.0,15,0.3,0.19103553500880954,0.437503504644534,25.2386,0.0
alibaba,resize512,4.0,suspicious,50,0,50,50,0,0,1.0,1.0,31,0.62,0.4815044693099298,0.7413721068980641,53.7434,77.735
alibaba,resize512,4.0,real_control,50,0,50,50,0,0,1.0,1.0,16,0.32,0.20758216260656845,0.45810297308144077,27.1958,0.0
alibaba,resize512,8.0,suspicious,50,0,50,50,0,0,1.0,1.0,19,0.38,0.25862789310193596,0.5184955306900703,32.4926,0.0
alibaba,resize512,8.0,real_control,50,0,50,50,0,0,1.0,1.0,9,0.18,0.09770192670234178,0.30796053674300783,15.3968,0.0
alibaba,native,1.0,suspicious,50,0,50,50,0,0,1.0,1.0,1,0.02,0.003539259271646236,0.10495443589637815,1.4240000000000002,0.0
alibaba,native,1.0,real_control,50,0,50,50,0,0,1.0,1.0,9,0.18,0.09770192670234178,0.30796053674300783,15.9176,0.0
copyleaks,resize512,1.0,suspicious,50,0,50,2,48,0,0.04,0.04,2,1.0,0.34238022750665303,1.0,0.199380875,0.199380875
copyleaks,resize512,1.0,real_control,50,0,50,3,47,0,0.06,0.06,0,0.0,5.551115123125783e-17,0.5614970317550454,0.0,0.0
copyleaks,resize512,1.5,suspicious,50,0,50,11,39,0,0.22,0.22,9,0.8181818181818182,0.523019438039156,0.9486323102539149,0.11331350145454545,0.13873291
copyleaks,resize512,1.5,real_control,50,0,50,10,40,0,0.2,0.2,0,0.0,0.0,0.2775327998628892,0.0,0.0
copyleaks,resize512,2.0,suspicious,50,0,50,23,27,0,0.46,0.46,17,0.7391304347826086,0.5352999516257462,0.8745138395501366,0.07837759869565217,0.097229004
copyleaks,resize512,2.0,real_control,50,0,50,17,33,0,0.34,0.34,0,0.0,0.0,0.1843181350088518,0.0,0.0
copyleaks,resize512,3.0,suspicious,50,0,50,39,11,0,0.78,0.78,22,0.5641025641025641,0.40975691648669477,0.7069524612431037,0.02679130346153846,0.024288177
copyleaks,resize512,3.0,real_control,50,0,50,29,21,0,0.58,0.58,0,0.0,0.0,0.11696979849974075,0.0,0.0
copyleaks,resize512,4.0,suspicious,50,0,50,47,3,0,0.94,0.94,24,0.5106382978723404,0.3724245374822684,0.6472444496631784,0.014824887478723405,0.010631561
copyleaks,resize512,4.0,real_control,50,0,50,34,16,0,0.68,0.68,0,0.0,0.0,0.10151455415332376,0.0,0.0
copyleaks,resize512,8.0,suspicious,50,0,50,50,0,0,1.0,1.0,7,0.14,0.06950833427016294,0.2618619371058554,0.001070785516,0.0
copyleaks,resize512,8.0,real_control,50,0,50,47,3,0,0.94,0.94,0,0.0,0.0,0.07555760416399632,0.0,0.0
copyleaks,native,1.0,suspicious,0,50,0,0,0,0,,,0,,,,,
copyleaks,native,1.0,real_control,0,50,0,0,0,0,,,0,,,,,
